,num_1,selmag_1,errselmag_1,pointing,quadrant,zflg,norm,epoch,photoMask_1,tsr,ssr,classFlag_1,id_IAU_2,num_2,id_T07,alpha_2,delta_2,selmag_2,errselmag_2,u,g,r,i,z,erru,errg,errr,erri,errz,u_T07,g_T07,r_T07,i_T07,iy_T07,z_T07,erru_T07,errg_T07,errr_T07,erri_T07,erriy_T07,errz_T07,K_video,Ks,FUV,errK_video,errKs,errFUV,errNUV,DeltaUG,DeltaGR,DeltaRI,ebv,r2,r2_T07,classFlag_2,photoMask_2,spectroMask,Separation_1,distance_gal_deg,TYPED_ID,ANG_DIST,MAIN_ID,OTYPE_S,distance_gpe_deg,z_mpc,y_mpc,x_mpc,ra,dec,COO_ERR_MAJA_d,COO_ERR_MINA_d,COO_ERR_ANGLE_d,PMRA,PMDEC,PM_ERR_MAJA,PM_ERR_MINA,PM_ERR_ANGLE,PLX_VALUE,RV_VALUE,GALDIM_MAJAXIS,GALDIM_MINAXIS,GALDIM_ANGLE,GALDIM_INCL,SP_TYPE,MORPH_TYPE,NB_REF,FILTER_NAME_U_2,FLUX_U_2,FLUX_ERROR_U_2,FLUX_SYSTEM_U_2,FLUX_BIBCODE_U_2,FLUX_VAR_U_2,FLUX_MULT_U_2,FLUX_QUAL_U_2,FLUX_UNIT_U_2,FILTER_NAME_B,FLUX_B,FLUX_ERROR_B,FLUX_SYSTEM_B,FLUX_BIBCODE_B,FLUX_VAR_B,FLUX_MULT_B,FLUX_QUAL_B,FLUX_UNIT_B,FILTER_NAME_V,FLUX_V,FLUX_ERROR_V,FLUX_SYSTEM_V,FLUX_BIBCODE_V,FLUX_VAR_V,FLUX_MULT_V,FLUX_QUAL_V,FLUX_UNIT_V,FILTER_NAME_R_2,FLUX_R_2,FLUX_ERROR_R_2,FLUX_SYSTEM_R_2,FLUX_BIBCODE_R_2,FLUX_VAR_R_2,FLUX_MULT_R_2,FLUX_QUAL_R_2,FLUX_UNIT_R_2,FILTER_NAME_I_2,FLUX_I_2,FLUX_ERROR_I_2,FLUX_SYSTEM_I_2,FLUX_BIBCODE_I_2,FLUX_VAR_I_2,FLUX_MULT_I_2,FLUX_QUAL_I_2,FLUX_UNIT_I_2,FILTER_NAME_J,FLUX_J,FLUX_ERROR_J,FLUX_SYSTEM_J,FLUX_BIBCODE_J,FLUX_VAR_J,FLUX_MULT_J,FLUX_QUAL_J,FLUX_UNIT_J,FILTER_NAME_H,FLUX_H,FLUX_ERROR_H,FLUX_SYSTEM_H,FLUX_BIBCODE_H,FLUX_VAR_H,FLUX_MULT_H,FLUX_QUAL_H,FLUX_UNIT_H,FILTER_NAME_K,FLUX_K,FLUX_ERROR_K,FLUX_SYSTEM_K,FLUX_BIBCODE_K,FLUX_VAR_K,FLUX_MULT_K,FLUX_QUAL_K,FLUX_UNIT_K,FILTER_NAME_u_2a,FLUX_u_2a,FLUX_ERROR_u_2a,FLUX_SYSTEM_u_2a,FLUX_BIBCODE_u_2a,FLUX_VAR_u_2a,FLUX_MULT_u_2a,FLUX_QUAL_u_2a,FLUX_UNIT_u_2a,FILTER_NAME_g,FLUX_g,FLUX_ERROR_g,FLUX_SYSTEM_g,FLUX_BIBCODE_g,FLUX_VAR_g,FLUX_MULT_g,FLUX_QUAL_g,FLUX_UNIT_g,FILTER_NAME_r_2a,FLUX_r_2a,FLUX_ERROR_r_2a,FLUX_SYSTEM_r_2a,FLUX_BIBCODE_r_2a,FLUX_VAR_r_2a,FLUX_MULT_r_2a,FLUX_QUAL_r_2a,FLUX_UNIT_r_2a,FILTER_NAME_i_2a,FLUX_i_2a,FLUX_ERROR_i_2a,FLUX_SYSTEM_i_2a,FLUX_BIBCODE_i_2a,FLUX_VAR_i_2a,FLUX_MULT_i_2a,FLUX_QUAL_i_2a,FLUX_UNIT_i_2a,FILTER_NAME_z,FLUX_z,FLUX_ERROR_z,FLUX_SYSTEM_z,FLUX_BIBCODE_z,FLUX_VAR_z,FLUX_MULT_z,FLUX_QUAL_z,FLUX_UNIT_z,CEL:U1,CEL:meU1,CEL:U2,CEL:meU2,CEL:U3,CEL:meU3,CEL:U4,CEL:meU4,CEL:pec,CEL:bibcode,Cl.G:D,Cl.G:R,Cl.G:Nga,Cl.G:pNga,Cl.G:Acl,Cl.G:BMclass,Cl.G:pBMclass,Cl.G:m1,Cl.G:pm1,Cl.G:m3,Cl.G:pm3,Cl.G:m10,Cl.G:pm10,Cl.G:m10a,Cl.G:pm10a,Cl.G:bibcode,diameter:diameter,diameter:Q,diameter:unit,diameter:error,diameter:filter,diameter:method,diameter:bibcode,distance:distance,distance:Q,distance:unit,distance:merr,distance:perr,distance:method,distance:bibcode,Einstein:RA,Einstein:DEC,Einstein:Err_coo,Einstein:Count,Einstein:Err_count,Einstein:Hard,Einstein:HardErrPlus,Einstein:HardErrMinus,Einstein:bibcode,Fe_H:Teff,Fe_H:log_g,Fe_H:Fe_H,Fe_H:flag,Fe_H:CompStar,Fe_H:CatNo,Fe_H:bibcode,GCRV:radvel,GCRV:Q,GCRV:nmes,GCRV:rem,GCRV:Rf,GCRV:dis,GCRV:bibcode,Herschel:alpha,Herschel:delta,HGAM:width,HGAM:mes,HGAM:Flag,HGAM:bibcode,IRAS:RA,IRAS:DEC,Z:redshift,Z:R,Z:bibcode,ze:redshift,ze:R,ze:me,ze:bibcode,OID4,RA,DEC,NUV,GroupID,GroupSize,id_IAU_1,Separation,zspec,redshift,SELECTED,symbol,Type,url_id,url,Impact parameter (kpc),size,Line,line_coord_sky,Note,color,width,delta_y,length_right,length_left,width_mask,delta_y_mask,length_right_mask,length_left_mask,x_mask_Julia,y_mask_Julia,line_coord
24578,b'102138701',21.4847,0.0138,b'W1P203',3,3.2,1.3887,2,1,0.4311612,0.9,1,b'VIPERS 102138701',b'102138701',1176736,31.9741113,-5.877338,21.4847,0.0138,22.1013,21.9386,21.8472,21.4847,21.2949,0.0141,0.0104,0.0182,0.0138,0.0364,22.088,21.995,21.907,21.563,-99.0,21.459,0.014,0.009,0.013,0.013,-99.0,0.033,-99.99,20.496,-99.0,-99.99,0.04,-99.0,0.053,-0.04,-0.036,0.0316,0.02244,3.19,3.11,1,1,1,0.0,,,,,,,,,,,,,,,,,,,,,,,,,,,,,,,,,,,,,,,,,,,,,,,,,,,,,,,,,,,,,,,,,,,,,,,,,,,,,,,,,,,,,,,,,,,,,,,,,,,,,,,,,,,,,,,,,,,,,,,,,,,,,,,,,,,,,,,,,,,,,,,,,,,,,,,,,,,,,,,,,,,,,,,,,,,,,,,,,,,,,,,,,,,,,,,,,,,,,,,,,,,,,,,,,,,,,,,,,,,,,,,,,31.9741113,-5.877338,22.732,,,b'VIPERS 102138701',,0.9886,,0,octagon,OVI,<a href='http://simbad.u-strasbg.fr/simbad/sim-id?Ident=VIPERS 102138701'>·</a>,<a href='http://simbad.u-strasbg.fr/simbad/sim-coo?Coord=31.9741113d-5.8773380d&CooFrame=FK5&CooEpoch=2000&CooEqui=2000&CooDefinedFrames=none&Radius=2&Radius.unit=arcmin'>·</a>,-9223372036854775808,39.28782,1033.0,-5.89,1.0721632242202759,black,0.0018055555555555555,0.0,0.004861111111111111,0.004861111111111111,76.05,0.0,204.75,204.75,-10.315675874887198,-5.372622856759849,-5.72
24762,b'102153884',20.6732,0.0103,b'W1P203',2,3.5,2.4201,2,1,0.5207835,0.94,1,b'VIPERS 102153884',b'102153884',1192000,31.9538443,-5.798012,20.6732,0.0103,22.4,21.97,21.2428,20.6732,20.4566,0.0303,0.0164,0.0161,0.0103,0.0309,22.441,22.052,21.287,20.756,-99.0,20.611,0.028,0.014,0.01,0.009,-99.0,0.025,-99.99,19.68,-99.0,-99.99,0.02,-99.0,0.045,-0.04,-0.036,0.0316,0.0232,4.9,4.86,1,1,1,0.0,,,,,,,,,,,,,,,,,,,,,,,,,,,,,,,,,,,,,,,,,,,,,,,,,,,,,,,,,,,,,,,,,,,,,,,,,,,,,,,,,,,,,,,,,,,,,,,,,,,,,,,,,,,,,,,,,,,,,,,,,,,,,,,,,,,,,,,,,,,,,,,,,,,,,,,,,,,,,,,,,,,,,,,,,,,,,,,,,,,,,,,,,,,,,,,,,,,,,,,,,,,,,,,,,,,,,,,,,,,,,,,,,31.9538443,-5.798012,22.941,,,b'VIPERS 102153884',,0.6554,,0,circle,Lya,<a href='http://simbad.u-strasbg.fr/simbad/sim-id?Ident=VIPERS 102153884'>·</a>,<a href='http://simbad.u-strasbg.fr/simbad/sim-coo?Coord=31.9538443d-5.7980120d&CooFrame=FK5&CooEpoch=2000&CooEqui=2000&CooDefinedFrames=none&Radius=2&Radius.unit=arcmin'>·</a>,-9223372036854775808,36.711483,1215.67,-5.87,1.063632607460022,black,0.0018055555555555555,0.0,0.004861111111111111,0.004861111111111111,76.05,0.0,204.75,204.75,-11.168601467757734,-2.0276771199112784,-4.91
25285,b'102177620',21.5716,0.021,b'W1P203',2,3.5,10.8921,2,1,0.6720727,0.969697,1,b'VIPERS 102177620',b'102177620',1214462,31.9890415,-5.6858169,21.5716,0.021,22.825,22.5553,22.0268,21.5716,21.4877,0.0336,0.0254,0.0299,0.021,0.0559,22.832,22.659,22.074,21.654,-99.0,21.598,0.028,0.019,0.016,0.016,-99.0,0.04,-99.99,21.124,-99.0,-99.99,0.07,-99.0,0.059,-0.04,-0.036,0.0316,0.02358,4.88,4.76,1,1,1,0.0,,,,,,,,,,,,,,,,,,,,,,,,,,,,,,,,,,,,,,,,,,,,,,,,,,,,,,,,,,,,,,,,,,,,,,,,,,,,,,,,,,,,,,,,,,,,,,,,,,,,,,,,,,,,,,,,,,,,,,,,,,,,,,,,,,,,,,,,,,,,,,,,,,,,,,,,,,,,,,,,,,,,,,,,,,,,,,,,,,,,,,,,,,,,,,,,,,,,,,,,,,,,,,,,,,,,,,,,,,,,,,,,,31.9890415,-5.6858169,23.027,,,b'VIPERS 102177620',,0.6448,,0,circle,Lya,<a href='http://simbad.u-strasbg.fr/simbad/sim-id?Ident=VIPERS 102177620'>·</a>,<a href='http://simbad.u-strasbg.fr/simbad/sim-coo?Coord=31.9890415d-5.6858169d&CooFrame=FK5&CooEpoch=2000&CooEqui=2000&CooDefinedFrames=none&Radius=2&Radius.unit=arcmin'>·</a>,-9223372036854775808,35.676723,1215.67,-5.78,1.0601224899291992,black,0.0018055555555555555,0.0,0.004861111111111111,0.004861111111111111,76.05,0.0,204.75,204.75,-9.69761634952174,2.7063293101006436,-0.96
25600,b'102189833',22.0878,0.0303,b'W1P171',3,4.5,2.3011,2,1,0.283245,0.86,1,b'VIPERS 102189833',b'102189833',1226601,31.9309548,-5.626884,22.0878,0.0303,23.2064,23.0261,22.5428,22.0878,21.8727,0.0414,0.0354,0.0433,0.0303,0.0685,23.254,23.117,22.58,22.21,-99.0,22.051,0.035,0.025,0.023,0.023,-99.0,0.052,-99.99,21.881,-99.0,-99.99,0.164,-99.0,0.062,-0.04,-0.036,0.0316,0.02371,4.27,4.08,1,1,1,0.0,,,,,,,,,,,,,,,,,,,,,,,,,,,,,,,,,,,,,,,,,,,,,,,,,,,,,,,,,,,,,,,,,,,,,,,,,,,,,,,,,,,,,,,,,,,,,,,,,,,,,,,,,,,,,,,,,,,,,,,,,,,,,,,,,,,,,,,,,,,,,,,,,,,,,,,,,,,,,,,,,,,,,,,,,,,,,,,,,,,,,,,,,,,,,,,,,,,,,,,,,,,,,,,,,,,,,,,,,,,,,,,,,31.9309548,-5.626884,23.318,,,b'VIPERS 102189833',,0.656,,0,circle,Lya,<a href='http://simbad.u-strasbg.fr/simbad/sim-id?Ident=VIPERS 102189833'>·</a>,<a href='http://simbad.u-strasbg.fr/simbad/sim-coo?Coord=31.9309548d-5.6268840d&CooFrame=FK5&CooEpoch=2000&CooEqui=2000&CooDefinedFrames=none&Radius=2&Radius.unit=arcmin'>·</a>,-9223372036854775808,32.285114,1215.67,-5.7,100000.0,black,0.0018055555555555555,0.0,0.004861111111111111,0.004861111111111111,76.05,0.0,204.75,204.75,-12.124363143092436,5.186213354112832,2.35
25633,b'102191353',21.2498,0.0174,b'W1P171',4,1.5,9.5949,2,1,0.3672683,0.85,1,b'VIPERS 102191353',b'102191353',1228381,32.1065928,-5.6187636,21.2498,0.0174,22.8286,22.3967,21.8058,21.2498,21.0685,0.0365,0.0249,0.0278,0.0174,0.0455,22.854,22.493,21.875,21.295,-99.0,21.175,0.031,0.02,0.017,0.014,-99.0,0.033,-99.99,20.279,-99.0,-99.99,0.046,-99.0,0.062,-0.04,-0.036,0.0316,0.02349,5.32,5.3,1,1,1,0.0,,,,,,,,,,,,,,,,,,,,,,,,,,,,,,,,,,,,,,,,,,,,,,,,,,,,,,,,,,,,,,,,,,,,,,,,,,,,,,,,,,,,,,,,,,,,,,,,,,,,,,,,,,,,,,,,,,,,,,,,,,,,,,,,,,,,,,,,,,,,,,,,,,,,,,,,,,,,,,,,,,,,,,,,,,,,,,,,,,,,,,,,,,,,,,,,,,,,,,,,,,,,,,,,,,,,,,,,,,,,,,,,,32.1065928,-5.6187636,23.088,,,b'VIPERS 102191353',,0.6963,,0,circle,Lya,<a href='http://simbad.u-strasbg.fr/simbad/sim-id?Ident=VIPERS 102191353'>·</a>,<a href='http://simbad.u-strasbg.fr/simbad/sim-coo?Coord=32.1065928d-5.6187636d&CooFrame=FK5&CooEpoch=2000&CooEqui=2000&CooDefinedFrames=none&Radius=2&Radius.unit=arcmin'>·</a>,-9223372036854775808,34.95175,1215.67,-5.62,1.0576326847076416,black,0.0018055555555555555,0.0,0.004861111111111111,0.004861111111111111,76.05,0.0,204.75,204.75,-4.765844298992474,5.541253833371377,5.67
26474,b'103180263',20.1819,0.0057,b'W1P204',2,14.2,1.4463,2,1,0.9427544,0.98,1,b'VIPERS 103180263',b'103180263',1851430,32.2586059,-5.7849853,20.1819,0.0057,21.1807,20.733,20.5334,20.1819,19.9652,0.0067,0.0034,0.0067,0.0057,0.01,21.149,20.808,20.673,20.175,-99.0,20.072,0.008,0.004,0.006,0.007,-99.0,0.011,-99.99,18.927,-99.0,-99.99,0.011,-99.0,-99.0,0.0,-0.056,-0.003,0.02432,3.15,3.15,1,1,1,0.0,,,,,,,,,,,,,,,,,,,,,,,,,,,,,,,,,,,,,,,,,,,,,,,,,,,,,,,,,,,,,,,,,,,,,,,,,,,,,,,,,,,,,,,,,,,,,,,,,,,,,,,,,,,,,,,,,,,,,,,,,,,,,,,,,,,,,,,,,,,,,,,,,,,,,,,,,,,,,,,,,,,,,,,,,,,,,,,,,,,,,,,,,,,,,,,,,,,,,,,,,,,,,,,,,,,,,,,,,,,,,,,,,32.2586059,-5.7849853,-99.0,,,b'VIPERS 103180263',,0.6442,,0,circle,Lya,<a href='http://simbad.u-strasbg.fr/simbad/sim-id?Ident=VIPERS 103180263'>·</a>,<a href='http://simbad.u-strasbg.fr/simbad/sim-coo?Coord=32.2586059d-5.7849853d&CooFrame=FK5&CooEpoch=2000&CooEqui=2000&CooDefinedFrames=none&Radius=2&Radius.unit=arcmin'>·</a>,-9223372036854775808,16384.0,1215.67,-5.88,1000.0,black,0.0018055555555555555,0.0,0.004861111111111111,0.004861111111111111,76.05,0.0,204.75,204.75,1.623110039325331,-1.4784731061587664,-5.18
26558,b'103186237',22.0417,0.0306,b'W1P203',1,1.4,8.6119,2,1,0.5461736,0.8989899,1,b'VIPERS 103186237',b'103186237',1856989,32.1502586,-5.7586235,22.0417,0.0306,23.4038,22.9848,22.9856,22.0417,22.0177,0.0503,0.0286,0.0724,0.0306,0.0757,23.305,23.046,22.796,22.027,-99.0,22.099,0.036,0.021,0.032,0.023,-99.0,0.052,-99.99,21.345,-99.0,-99.99,0.114,-99.0,-99.0,0.0,-0.056,-0.003,0.02349,4.25,4.16,1,1,1,0.0,,,,,,,,,,,,,,,,,,,,,,,,,,,,,,,,,,,,,,,,,,,,,,,,,,,,,,,,,,,,,,,,,,,,,,,,,,,,,,,,,,,,,,,,,,,,,,,,,,,,,,,,,,,,,,,,,,,,,,,,,,,,,,,,,,,,,,,,,,,,,,,,,,,,,,,,,,,,,,,,,,,,,,,,,,,,,,,,,,,,,,,,,,,,,,,,,,,,,,,,,,,,,,,,,,,,,,,,,,,,,,,,,32.1502586,-5.7586235,-99.0,,,b'VIPERS 103186237',,0.9099,,0,octagon,OVI,<a href='http://simbad.u-strasbg.fr/simbad/sim-id?Ident=VIPERS 103186237'>·</a>,<a href='http://simbad.u-strasbg.fr/simbad/sim-coo?Coord=32.1502586d-5.7586235d&CooFrame=FK5&CooEpoch=2000&CooEqui=2000&CooDefinedFrames=none&Radius=2&Radius.unit=arcmin'>·</a>,-9223372036854775808,16384.0,1033.0,-5.9,100000.0,black,0.0018055555555555555,0.0,0.004861111111111111,0.004861111111111111,76.05,0.0,204.75,204.75,-2.9321031108200555,-0.36457134342155073,-5.64
26647,b'103190971',20.9847,0.0106,b'W1P205',2,4.5,2.119,2,1,0.5965438,0.98,1,b'VIPERS 103190971',b'103190971',1861454,32.469175,-5.7396005,20.9847,0.0106,22.5914,22.081,21.4506,20.9847,20.8857,0.021,0.0113,0.0167,0.0106,0.0235,22.53,22.131,21.521,20.979,-99.0,21.024,0.02,0.01,0.012,0.01,-99.0,0.022,-99.99,20.116,-99.0,-99.99,0.036,-99.0,0.057,0.0,-0.056,-0.003,0.0212,3.76,3.77,1,1,1,0.0,,,,,,,,,,,,,,,,,,,,,,,,,,,,,,,,,,,,,,,,,,,,,,,,,,,,,,,,,,,,,,,,,,,,,,,,,,,,,,,,,,,,,,,,,,,,,,,,,,,,,,,,,,,,,,,,,,,,,,,,,,,,,,,,,,,,,,,,,,,,,,,,,,,,,,,,,,,,,,,,,,,,,,,,,,,,,,,,,,,,,,,,,,,,,,,,,,,,,,,,,,,,,,,,,,,,,,,,,,,,,,,,,32.469175,-5.7396005,22.888,,,b'VIPERS 103190971',,0.6497,,0,circle,Lya,<a href='http://simbad.u-strasbg.fr/simbad/sim-id?Ident=VIPERS 103190971'>·</a>,<a href='http://simbad.u-strasbg.fr/simbad/sim-coo?Coord=32.4691750d-5.7396005d&CooFrame=FK5&CooEpoch=2000&CooEqui=2000&CooDefinedFrames=none&Radius=2&Radius.unit=arcmin'>·</a>,-9223372036854775808,37.356537,1215.67,-5.83,1.0657958984375,black,0.0018055555555555555,0.0,0.004861111111111111,0.004861111111111111,76.05,0.0,204.75,204.75,10.460199758701778,0.43648627971980924,-2.86
26692,b'103193661',21.5728,0.0174,b'W1P204',1,4.2,2.3741,2,1,0.2853228,0.99,1,b'VIPERS 103193661',b'103193661',1863994,32.4359121,-5.7282388,21.5728,0.0174,23.1125,22.6521,22.1205,21.5728,21.3351,0.0324,0.0181,0.0291,0.0174,0.0343,23.072,22.722,22.217,21.597,-99.0,21.444,0.029,0.015,0.019,0.015,-99.0,0.028,-99.99,20.628,-99.0,-99.99,0.042,-99.0,0.098,0.0,-0.056,-0.003,0.02184,3.49,3.45,1,1,1,0.0,,,,,,,,,,,,,,,,,,,,,,,,,,,,,,,,,,,,,,,,,,,,,,,,,,,,,,,,,,,,,,,,,,,,,,,,,,,,,,,,,,,,,,,,,,,,,,,,,,,,,,,,,,,,,,,,,,,,,,,,,,,,,,,,,,,,,,,,,,,,,,,,,,,,,,,,,,,,,,,,,,,,,,,,,,,,,,,,,,,,,,,,,,,,,,,,,,,,,,,,,,,,,,,,,,,,,,,,,,,,,,,,,32.4359121,-5.7282388,23.495,,,b'VIPERS 103193661',,0.6668,,0,circle,Lya,<a href='http://simbad.u-strasbg.fr/simbad/sim-id?Ident=VIPERS 103193661'>·</a>,<a href='http://simbad.u-strasbg.fr/simbad/sim-coo?Coord=32.4359121d-5.7282388d&CooFrame=FK5&CooEpoch=2000&CooEqui=2000&CooDefinedFrames=none&Radius=2&Radius.unit=arcmin'>·</a>,-9223372036854775808,30.305016,1215.67,-5.78,1000.0,black,0.0018055555555555555,0.0,0.004861111111111111,0.004861111111111111,76.05,0.0,204.75,204.75,9.06770039601797,0.9167860615867152,-1.13
26788,b'103198924',20.7282,0.011,b'W1P203',1,2.4,3.8509,2,1,0.8790126,0.9393939,1,b'VIPERS 103198924',b'103198924',1868967,32.1746643,-5.7065021,20.7282,0.011,23.1317,22.3232,21.4592,20.7282,20.4713,0.0466,0.0182,0.0209,0.011,0.0227,23.11,22.39,21.57,20.741,-99.0,20.579,0.041,0.015,0.014,0.01,-99.0,0.018,-99.99,19.227,-99.0,-99.99,0.018,-99.0,0.212,0.0,-0.056,-0.003,0.02396,4.88,4.86,1,1,1,0.0,,,,,,,,,,,,,,,,,,,,,,,,,,,,,,,,,,,,,,,,,,,,,,,,,,,,,,,,,,,,,,,,,,,,,,,,,,,,,,,,,,,,,,,,,,,,,,,,,,,,,,,,,,,,,,,,,,,,,,,,,,,,,,,,,,,,,,,,,,,,,,,,,,,,,,,,,,,,,,,,,,,,,,,,,,,,,,,,,,,,,,,,,,,,,,,,,,,,,,,,,,,,,,,,,,,,,,,,,,,,,,,,,32.1746643,-5.7065021,24.261,,,b'VIPERS 103198924',,0.6446,,0,circle,Lya,<a href='http://simbad.u-strasbg.fr/simbad/sim-id?Ident=VIPERS 103198924'>·</a>,<a href='http://simbad.u-strasbg.fr/simbad/sim-coo?Coord=32.1746643d-5.7065021d&CooFrame=FK5&CooEpoch=2000&CooEqui=2000&CooDefinedFrames=none&Radius=2&Radius.unit=arcmin'>·</a>,-9223372036854775808,22.458124,1215.67,-5.8,1.0097551345825195,black,0.0018055555555555555,0.0,0.004861111111111111,0.004861111111111111,76.05,0.0,204.75,204.75,-1.9062504977524444,1.8380091643824448,-1.84
26815,b'103200737',22.3954,0.0284,b'W1P204',2,3.4,1.583,2,1,0.6865062,0.9393939,1,b'VIPERS 103200737',b'103200737',1870656,32.2166499,-5.6978863,22.3954,0.0284,24.1338,23.6191,23.0308,22.3954,22.037,0.0655,0.0333,0.0499,0.0284,0.0472,24.14,23.671,23.045,22.426,-99.0,22.176,0.059,0.028,0.03,0.025,-99.0,0.04,-99.99,21.363,-99.0,-99.99,0.066,-99.0,0.115,0.0,-0.056,-0.003,0.02423,2.87,2.75,1,1,1,0.0,,,,,,,,,,,,,,,,,,,,,,,,,,,,,,,,,,,,,,,,,,,,,,,,,,,,,,,,,,,,,,,,,,,,,,,,,,,,,,,,,,,,,,,,,,,,,,,,,,,,,,,,,,,,,,,,,,,,,,,,,,,,,,,,,,,,,,,,,,,,,,,,,,,,,,,,,,,,,,,,,,,,,,,,,,,,,,,,,,,,,,,,,,,,,,,,,,,,,,,,,,,,,,,,,,,,,,,,,,,,,,,,,32.2166499,-5.6978863,24.073,,,b'VIPERS 103200737',,0.6379,,0,circle,Lya,<a href='http://simbad.u-strasbg.fr/simbad/sim-id?Ident=VIPERS 103200737'>·</a>,<a href='http://simbad.u-strasbg.fr/simbad/sim-coo?Coord=32.2166499d-5.6978863d&CooFrame=FK5&CooEpoch=2000&CooEqui=2000&CooDefinedFrames=none&Radius=2&Radius.unit=arcmin'>·</a>,-9223372036854775808,24.27533,1215.67,-5.81,100000.0,black,0.0018055555555555555,0.0,0.004861111111111111,0.004861111111111111,76.05,0.0,204.75,204.75,-0.14086987813327456,2.202232672914516,-1.97
26847,b'103202362',21.0506,0.0123,b'W1P203',1,2.4,4.4352,2,1,0.5918048,0.9292929,1,b'VIPERS 103202362',b'103202362',1872234,32.162534,-5.6914294,21.0506,0.0123,22.7831,22.1958,21.5672,21.0506,20.8089,0.0283,0.0136,0.0194,0.0123,0.0251,22.776,22.257,21.639,21.07,-99.0,20.966,0.025,0.011,0.013,0.011,-99.0,0.021,-99.99,20.139,-99.0,-99.99,0.037,-99.0,0.061,0.0,-0.056,-0.003,0.02374,4.19,4.15,1,1,1,0.0,,,,,,,,,,,,,,,,,,,,,,,,,,,,,,,,,,,,,,,,,,,,,,,,,,,,,,,,,,,,,,,,,,,,,,,,,,,,,,,,,,,,,,,,,,,,,,,,,,,,,,,,,,,,,,,,,,,,,,,,,,,,,,,,,,,,,,,,,,,,,,,,,,,,,,,,,,,,,,,,,,,,,,,,,,,,,,,,,,,,,,,,,,,,,,,,,,,,,,,,,,,,,,,,,,,,,,,,,,,,,,,,,32.162534,-5.6914294,23.138,,,b'VIPERS 103202362',,0.643,,0,circle,Lya,<a href='http://simbad.u-strasbg.fr/simbad/sim-id?Ident=VIPERS 103202362'>·</a>,<a href='http://simbad.u-strasbg.fr/simbad/sim-coo?Coord=32.1625340d-5.6914294d&CooFrame=FK5&CooEpoch=2000&CooEqui=2000&CooDefinedFrames=none&Radius=2&Radius.unit=arcmin'>·</a>,-9223372036854775808,34.363037,1215.67,-5.79,1.0555918216705322,black,0.0018055555555555555,0.0,0.004861111111111111,0.004861111111111111,76.05,0.0,204.75,204.75,-2.4161801612117317,2.474701933436038,-1.32
26852,b'103202729',20.4137,0.0081,b'W1P204',2,4.4,5.6235,2,1,0.8887481,1.0,1,b'VIPERS 103202729',b'103202729',1873015,32.2284759,-5.6895905,20.4137,0.0081,23.8342,22.4906,21.3656,20.4137,19.95,0.0895,0.0215,0.0197,0.0081,0.0126,23.811,22.54,21.424,20.432,-99.0,20.09,0.078,0.018,0.013,0.007,-99.0,0.011,-99.99,18.509,-99.0,-99.99,0.009,-99.0,0.215,0.0,-0.056,-0.003,0.02413,5.19,5.18,1,1,1,0.0,,,,,,,,,,,,,,,,,,,,,,,,,,,,,,,,,,,,,,,,,,,,,,,,,,,,,,,,,,,,,,,,,,,,,,,,,,,,,,,,,,,,,,,,,,,,,,,,,,,,,,,,,,,,,,,,,,,,,,,,,,,,,,,,,,,,,,,,,,,,,,,,,,,,,,,,,,,,,,,,,,,,,,,,,,,,,,,,,,,,,,,,,,,,,,,,,,,,,,,,,,,,,,,,,,,,,,,,,,,,,,,,,32.2284759,-5.6895905,24.466,,,b'VIPERS 103202729',,0.6363,,0,circle,Lya,<a href='http://simbad.u-strasbg.fr/simbad/sim-id?Ident=VIPERS 103202729'>·</a>,<a href='http://simbad.u-strasbg.fr/simbad/sim-coo?Coord=32.2284759d-5.6895905d&CooFrame=FK5&CooEpoch=2000&CooEqui=2000&CooDefinedFrames=none&Radius=2&Radius.unit=arcmin'>·</a>,-9223372036854775808,20.55716,1215.67,-5.8,1.0013877153396606,black,0.0018055555555555555,0.0,0.004861111111111111,0.004861111111111111,76.05,0.0,204.75,204.75,0.3564024966108478,2.552727300401704,-1.73
26917,b'103205780',22.252,0.0415,b'W1P171',4,2.5,5.2788,2,1,0.5066126,0.88,1,b'VIPERS 103205780',b'103205780',1875526,32.1240501,-5.6766783,22.252,0.0415,23.7069,23.1409,22.7009,22.252,22.0313,0.0728,0.0365,0.0631,0.0415,0.0871,23.633,23.234,22.752,22.308,-99.0,22.235,0.05,0.026,0.032,0.03,-99.0,0.061,-99.99,21.507,-99.0,-99.99,0.113,-99.0,0.144,0.0,-0.056,-0.003,0.02279,4.97,4.76,1,1,1,0.0,,,,,,,,,,,,,,,,,,,,,,,,,,,,,,,,,,,,,,,,,,,,,,,,,,,,,,,,,,,,,,,,,,,,,,,,,,,,,,,,,,,,,,,,,,,,,,,,,,,,,,,,,,,,,,,,,,,,,,,,,,,,,,,,,,,,,,,,,,,,,,,,,,,,,,,,,,,,,,,,,,,,,,,,,,,,,,,,,,,,,,,,,,,,,,,,,,,,,,,,,,,,,,,,,,,,,,,,,,,,,,,,,32.1240501,-5.6766783,24.181,,,b'VIPERS 103205780',,0.6432,,0,circle,Lya,<a href='http://simbad.u-strasbg.fr/simbad/sim-id?Ident=VIPERS 103205780'>·</a>,<a href='http://simbad.u-strasbg.fr/simbad/sim-coo?Coord=32.1240501d-5.6766783d&CooFrame=FK5&CooEpoch=2000&CooEqui=2000&CooDefinedFrames=none&Radius=2&Radius.unit=arcmin'>·</a>,-9223372036854775808,23.222763,1215.67,-5.78,1000000.0,black,0.0018055555555555555,0.0,0.004861111111111111,0.004861111111111111,76.05,0.0,204.75,204.75,-4.0335013796432975,3.0971190895266543,-0.68
26954,b'103207532',22.3998,0.0387,b'W1P172',3,4.5,2.0773,2,1,0.7909681,0.98,1,b'VIPERS 103207532',b'103207532',1877180,32.1957408,-5.6692887,22.3998,0.0387,23.3222,23.0694,22.6313,22.3998,22.2935,0.0483,0.0292,0.0608,0.0387,0.1005,23.294,23.124,22.709,22.39,-99.0,22.539,0.04,0.023,0.034,0.029,-99.0,0.085,-99.99,21.639,-99.0,-99.99,0.11,-99.0,0.065,0.0,-0.056,-0.003,0.0241,3.81,3.81,1,1,1,0.0,,,,,,,,,,,,,,,,,,,,,,,,,,,,,,,,,,,,,,,,,,,,,,,,,,,,,,,,,,,,,,,,,,,,,,,,,,,,,,,,,,,,,,,,,,,,,,,,,,,,,,,,,,,,,,,,,,,,,,,,,,,,,,,,,,,,,,,,,,,,,,,,,,,,,,,,,,,,,,,,,,,,,,,,,,,,,,,,,,,,,,,,,,,,,,,,,,,,,,,,,,,,,,,,,,,,,,,,,,,,,,,,,32.1957408,-5.6692887,23.355,,,b'VIPERS 103207532',,0.642,,0,circle,Lya,<a href='http://simbad.u-strasbg.fr/simbad/sim-id?Ident=VIPERS 103207532'>·</a>,<a href='http://simbad.u-strasbg.fr/simbad/sim-coo?Coord=32.1957408d-5.6692887d&CooFrame=FK5&CooEpoch=2000&CooEqui=2000&CooDefinedFrames=none&Radius=2&Radius.unit=arcmin'>·</a>,-9223372036854775808,31.86603,1215.67,-5.77,1000000.0,black,0.0018055555555555555,0.0,0.004861111111111111,0.004861111111111111,76.05,0.0,204.75,204.75,-1.020015801453887,3.4102904904238884,-0.46
27002,b'103210404',21.8453,0.0228,b'W1P171',4,9.4,5.2158,2,1,0.6148866,0.6060606,1,b'VIPERS 103210404',b'103210404',1879886,32.1391437,-5.6582513,21.8453,0.0228,22.3813,22.1055,22.1168,21.8453,21.4747,0.0178,0.0115,0.0299,0.0228,0.0415,22.362,22.189,22.159,21.887,-99.0,21.571,0.017,0.01,0.02,0.02,-99.0,0.033,-99.99,20.961,-99.0,-99.99,0.087,-99.0,0.086,0.0,-0.056,-0.003,0.02328,4.01,3.9,1,1,1,0.0,,,,,,,,,,,,,,,,,,,,,,,,,,,,,,,,,,,,,,,,,,,,,,,,,,,,,,,,,,,,,,,,,,,,,,,,,,,,,,,,,,,,,,,,,,,,,,,,,,,,,,,,,,,,,,,,,,,,,,,,,,,,,,,,,,,,,,,,,,,,,,,,,,,,,,,,,,,,,,,,,,,,,,,,,,,,,,,,,,,,,,,,,,,,,,,,,,,,,,,,,,,,,,,,,,,,,,,,,,,,,,,,,32.1391437,-5.6582513,23.842,,,b'VIPERS 103210404',,1.394,,0,pentagon,LyC,<a href='http://simbad.u-strasbg.fr/simbad/sim-id?Ident=VIPERS 103210404'>·</a>,<a href='http://simbad.u-strasbg.fr/simbad/sim-coo?Coord=32.1391437d-5.6582513d&CooFrame=FK5&CooEpoch=2000&CooEqui=2000&CooDefinedFrames=none&Radius=2&Radius.unit=arcmin'>·</a>,-9223372036854775808,26.604973,820.0,-5.81,100000.0,black,0.0018055555555555555,0.0,0.004861111111111111,0.004861111111111111,76.05,0.0,204.75,204.75,-3.399075153997561,3.875618770406978,-1.99
27117,b'103217836',20.592,0.0119,b'W1P172',4,4.5,7.5983,2,1,0.3058095,0.979798,1,b'VIPERS 103217836',b'103217836',1886943,32.3368831,-5.6281332,20.592,0.0119,22.9383,22.319,21.3533,20.592,20.3787,0.0461,0.0228,0.0245,0.0119,0.0242,22.903,22.363,21.472,20.591,-99.0,20.41,0.038,0.018,0.016,0.01,-99.0,0.018,-99.99,19.26,-99.0,-99.99,0.024,-99.0,0.091,0.0,-0.056,-0.003,0.02309,6.35,6.49,1,1,1,0.0,,,,,,,,,,,,,,,,,,,,,,,,,,,,,,,,,,,,,,,,,,,,,,,,,,,,,,,,,,,,,,,,,,,,,,,,,,,,,,,,,,,,,,,,,,,,,,,,,,,,,,,,,,,,,,,,,,,,,,,,,,,,,,,,,,,,,,,,,,,,,,,,,,,,,,,,,,,,,,,,,,,,,,,,,,,,,,,,,,,,,,,,,,,,,,,,,,,,,,,,,,,,,,,,,,,,,,,,,,,,,,,,,32.3368831,-5.6281332,23.336,,,b'VIPERS 103217836',,0.6629,,0,circle,Lya,<a href='http://simbad.u-strasbg.fr/simbad/sim-id?Ident=VIPERS 103217836'>·</a>,<a href='http://simbad.u-strasbg.fr/simbad/sim-coo?Coord=32.3368831d-5.6281332d&CooFrame=FK5&CooEpoch=2000&CooEqui=2000&CooDefinedFrames=none&Radius=2&Radius.unit=arcmin'>·</a>,-9223372036854775808,32.08089,1215.67,-5.69,100000.0,black,0.0018055555555555555,0.0,0.004861111111111111,0.004861111111111111,76.05,0.0,204.75,204.75,4.912046724380449,5.145794321566988,2.82
27130,b'103218492',21.2662,0.0138,b'W1P173',3,4.5,2.061,2,1,0.2811833,0.99,1,b'VIPERS 103218492',b'103218492',1887486,32.5057281,-5.6252093,21.2662,0.0138,22.3407,22.0842,21.6377,21.2662,21.2848,0.0168,0.0115,0.0213,0.0138,0.0341,22.312,22.156,21.691,21.293,-99.0,21.374,0.016,0.01,0.014,0.012,-99.0,0.029,-99.99,20.938,-99.0,-99.99,0.069,-99.0,0.03,0.0,-0.056,-0.003,0.02266,3.78,3.75,1,1,1,0.0,,,,,,,,,,,,,,,,,,,,,,,,,,,,,,,,,,,,,,,,,,,,,,,,,,,,,,,,,,,,,,,,,,,,,,,,,,,,,,,,,,,,,,,,,,,,,,,,,,,,,,,,,,,,,,,,,,,,,,,,,,,,,,,,,,,,,,,,,,,,,,,,,,,,,,,,,,,,,,,,,,,,,,,,,,,,,,,,,,,,,,,,,,,,,,,,,,,,,,,,,,,,,,,,,,,,,,,,,,,,,,,,,32.5057281,-5.6252093,22.348,,,b'VIPERS 103218492',,0.6431,,0,circle,Lya,<a href='http://simbad.u-strasbg.fr/simbad/sim-id?Ident=VIPERS 103218492'>·</a>,<a href='http://simbad.u-strasbg.fr/simbad/sim-coo?Coord=32.5057281d-5.6252093d&CooFrame=FK5&CooEpoch=2000&CooEqui=2000&CooDefinedFrames=none&Radius=2&Radius.unit=arcmin'>·</a>,-9223372036854775808,44.24911,1215.67,-5.73,1000000.0,black,0.0018055555555555555,0.0,0.004861111111111111,0.004861111111111111,76.05,0.0,204.75,204.75,11.985736813186227,5.257080537038755,1.47
27140,b'103219161',21.7171,0.0239,b'W1P172',4,4.5,2.9699,2,1,0.4050011,0.9494949,1,b'VIPERS 103219161',b'103219161',1888127,32.3099606,-5.6220169,21.7171,0.0239,22.884,22.5228,22.265,21.7171,21.3713,0.0274,0.0171,0.0328,0.0239,0.0405,22.874,22.599,22.313,21.702,-99.0,21.502,0.025,0.015,0.021,0.02,-99.0,0.034,-99.99,20.688,-99.0,-99.99,0.045,-99.0,0.094,0.0,-0.056,-0.003,0.02318,3.77,3.78,1,1,1,0.0,,,,,,,,,,,,,,,,,,,,,,,,,,,,,,,,,,,,,,,,,,,,,,,,,,,,,,,,,,,,,,,,,,,,,,,,,,,,,,,,,,,,,,,,,,,,,,,,,,,,,,,,,,,,,,,,,,,,,,,,,,,,,,,,,,,,,,,,,,,,,,,,,,,,,,,,,,,,,,,,,,,,,,,,,,,,,,,,,,,,,,,,,,,,,,,,,,,,,,,,,,,,,,,,,,,,,,,,,,,,,,,,,32.3099606,-5.6220169,23.83,,,b'VIPERS 103219161',,0.9368,,0,octagon,OVI,<a href='http://simbad.u-strasbg.fr/simbad/sim-id?Ident=VIPERS 103219161'>·</a>,<a href='http://simbad.u-strasbg.fr/simbad/sim-coo?Coord=32.3099606d-5.6220169d&CooFrame=FK5&CooEpoch=2000&CooEqui=2000&CooDefinedFrames=none&Radius=2&Radius.unit=arcmin'>·</a>,-9223372036854775808,26.7289,1033.0,-5.72,1.0273469686508179,black,0.0018055555555555555,0.0,0.016666666666666666,0.004861111111111111,76.05,0.0,702.0,204.75,3.7810693318928323,5.404865811694566,1.81
27146,b'103219293',20.5773,0.0108,b'W1P172',4,4.2,6.4439,2,1,0.6757412,0.99,1,b'VIPERS 103219293',b'103219293',1888665,32.3207838,-5.6215058,20.5773,0.0108,23.3411,22.3575,21.4319,20.5773,20.2321,0.0608,0.0218,0.0242,0.0108,0.0192,23.267,22.447,21.502,20.612,-99.0,20.355,0.049,0.018,0.015,0.009,-99.0,0.015,-99.99,18.852,-99.0,-99.99,0.013,-99.0,0.072,0.0,-0.056,-0.003,0.02311,5.83,5.8,1,1,1,0.0,,,,,,,,,,,,,,,,,,,,,,,,,,,,,,,,,,,,,,,,,,,,,,,,,,,,,,,,,,,,,,,,,,,,,,,,,,,,,,,,,,,,,,,,,,,,,,,,,,,,,,,,,,,,,,,,,,,,,,,,,,,,,,,,,,,,,,,,,,,,,,,,,,,,,,,,,,,,,,,,,,,,,,,,,,,,,,,,,,,,,,,,,,,,,,,,,,,,,,,,,,,,,,,,,,,,,,,,,,,,,,,,,32.3207838,-5.6215058,23.383,,,b'VIPERS 103219293',,0.6563,,0,circle,Lya,<a href='http://simbad.u-strasbg.fr/simbad/sim-id?Ident=VIPERS 103219293'>·</a>,<a href='http://simbad.u-strasbg.fr/simbad/sim-coo?Coord=32.3207838d-5.6215058d&CooFrame=FK5&CooEpoch=2000&CooEqui=2000&CooDefinedFrames=none&Radius=2&Radius.unit=arcmin'>·</a>,-9223372036854775808,31.550695,1215.67,-5.7,1.0455918312072754,black,0.0,0.0,0.0,0.0,0.0,0.0,0.0,0.0,4.235725408200157,5.42605599856655,2.61
27167,b'103220463',19.6413,0.0062,b'W1P173',3,4.4,3.2965,2,1,0.5067107,1.0,1,b'VIPERS 103220463',b'103220463',1890207,32.420143,-5.6153753,19.6413,0.0062,22.2497,21.3657,20.4603,19.6413,19.3137,0.0253,0.0101,0.0109,0.0062,0.0105,22.202,21.442,20.548,19.667,-99.0,19.439,0.023,0.009,0.008,0.006,-99.0,0.009,-99.99,17.977,-99.0,-99.99,0.007,-99.0,0.045,0.0,-0.056,-0.003,0.02261,5.55,5.47,1,1,1,0.0,,,,,,,,,,,,,,,,,,,,,,,,,,,,,,,,,,,,,,,,,,,,,,,,,,,,,,,,,,,,,,,,,,,,,,,,,,,,,,,,,,,,,,,,,,,,,,,,,,,,,,,,,,,,,,,,,,,,,,,,,,,,,,,,,,,,,,,,,,,,,,,,,,,,,,,,,,,,,,,,,,,,,,,,,,,,,,,,,,,,,,,,,,,,,,,,,,,,,,,,,,,,,,,,,,,,,,,,,,,,,,,,,32.420143,-5.6153753,22.696,,,b'VIPERS 103220463',,0.6644,,0,circle,Lya,<a href='http://simbad.u-strasbg.fr/simbad/sim-id?Ident=VIPERS 103220463'>·</a>,<a href='http://simbad.u-strasbg.fr/simbad/sim-coo?Coord=32.4201430d-5.6153753d&CooFrame=FK5&CooEpoch=2000&CooEqui=2000&CooDefinedFrames=none&Radius=2&Radius.unit=arcmin'>·</a>,-9223372036854775808,39.740425,1215.67,-5.67,1.0736327171325684,black,0.0018055555555555555,0.0,0.004861111111111111,0.004861111111111111,76.05,0.0,204.75,204.75,8.404550874295758,5.679054062123038,3.46
27196,b'103221874',21.4783,0.0186,b'W1P172',4,4.5,4.1023,2,1,0.3722257,0.9393939,1,b'VIPERS 103221874',b'103221874',1891219,32.3881211,-5.6096516,21.4783,0.0186,23.0537,22.6367,22.0336,21.4783,21.3125,0.0346,0.0209,0.0314,0.0186,0.0403,23.021,22.698,22.07,21.491,-99.0,21.441,0.03,0.018,0.019,0.016,-99.0,0.033,-99.99,20.882,-99.0,-99.99,0.063,-99.0,0.068,0.0,-0.056,-0.003,0.02252,4.58,4.63,1,1,1,0.0,,,,,,,,,,,,,,,,,,,,,,,,,,,,,,,,,,,,,,,,,,,,,,,,,,,,,,,,,,,,,,,,,,,,,,,,,,,,,,,,,,,,,,,,,,,,,,,,,,,,,,,,,,,,,,,,,,,,,,,,,,,,,,,,,,,,,,,,,,,,,,,,,,,,,,,,,,,,,,,,,,,,,,,,,,,,,,,,,,,,,,,,,,,,,,,,,,,,,,,,,,,,,,,,,,,,,,,,,,,,,,,,,32.3881211,-5.6096516,23.363,,,b'VIPERS 103221874',,0.6432,,0,circle,Lya,<a href='http://simbad.u-strasbg.fr/simbad/sim-id?Ident=VIPERS 103221874'>·</a>,<a href='http://simbad.u-strasbg.fr/simbad/sim-coo?Coord=32.3881211d-5.6096516d&CooFrame=FK5&CooEpoch=2000&CooEqui=2000&CooDefinedFrames=none&Radius=2&Radius.unit=arcmin'>·</a>,-9223372036854775808,31.775759,1215.67,-5.71,1.0464081764221191,black,0.0018055555555555555,0.0,0.004861111111111111,0.004861111111111111,76.05,0.0,204.75,204.75,7.061867723612497,5.922618464944924,2.14
59453,b'103193758',20.9132,0.015,b'W1P204',1,3.2,3.7748,2,1,0.5246475,0.99,1,b'VIPERS 103193758',b'103193758',1864047,32.3688997,-5.7281033,20.9132,0.015,22.6184,22.1484,21.5098,20.9132,20.7231,0.0324,0.0182,0.0261,0.015,0.0332,22.648,22.222,21.583,20.949,-99.0,20.825,0.028,0.014,0.015,0.012,-99.0,0.025,-99.99,19.977,-99.0,-99.99,0.034,-99.0,0.06,0.0,-0.056,-0.003,0.02262,6.04,5.99,1,1,1,0.0,0.004370571129722548,,,b'SDSS J020925.41-054302.2',0,0.004370571129722548,-575.8587956685325,3078.2312747879896,4858.782103534457,32.355881,-5.717282,,,,,,,,,,251270.0,,,,,,,,,,,,,,,,,,,,,,,,,,,,,,,,,,,,,,,,,,,,,,,,,,,,,,,,,,,,,,,,,,,,,,,,,,,,,,,,b'u',22.418,0.293,b'AB',b'2014A&A...563A..54P',,,b'D',b'u',b'g',21.528,0.049,b'AB',b'2014A&A...563A..54P',,,b'C',b'g',b'r',21.577,0.075,b'AB',b'2014A&A...563A..54P',,,b'C',b'r',b'i',21.468,0.098,b'AB',b'2014A&A...563A..54P',,,b'C',b'i',b'z',20.731,0.177,b'AB',b'2014A&A...563A..54P',,,b'D',b'z',,,,,,,,,,,,,,,,,,,,,,,,,,,,,,,,,,,,,,,,,,,,,,,,,,,,,,,,,,,,,,,,,,,,,,,,,,,,,,,b'@10408375',32.3688997,-5.7281033,23.027,135,10,b'VIPERS 103193758',60.76453462021295,0.629,2.37,4,circle,Lya,<a href='http://simbad.u-strasbg.fr/simbad/sim-id?Ident=VIPERS 103193758'>·</a>,<a href='http://simbad.u-strasbg.fr/simbad/sim-coo?Coord=32.3688997d-5.7281033d&CooFrame=FK5&CooEpoch=2000&CooEqui=2000&CooDefinedFrames=none&Radius=2&Radius.unit=arcmin'>·</a>,439,35.676723,1215.67,-5.86,1.0601224899291992,black,0.0018055555555555555,0.0,0.004861111111111111,0.002777777777777778,76.05,0.0,204.75,117.0,6.2574730374959655,0.9240076719610313,-3.9
59457,b'103195359',21.8703,0.0284,b'W1P204',1,3.5,3.3652,2,1,0.6714075,0.97,1,b'VIPERS 103195359',b'103195359',1865732,32.3528866,-5.7204662,21.8703,0.0284,23.3587,22.9724,22.4787,21.8703,21.7562,0.05,0.0304,0.053,0.0284,0.0645,23.282,23.02,22.483,21.912,-99.0,22.006,0.035,0.021,0.026,0.02,-99.0,0.049,-99.99,21.3,-99.0,-99.99,0.084,-99.0,-99.0,0.0,-0.056,-0.003,0.02302,4.46,4.42,1,1,1,0.0,0.004370571129722548,,,b'SDSS J020925.41-054302.2',0,0.004370571129722548,-575.8587956685325,3078.2312747879896,4858.782103534457,32.355881,-5.717282,,,,,,,,,,251270.0,,,,,,,,,,,,,,,,,,,,,,,,,,,,,,,,,,,,,,,,,,,,,,,,,,,,,,,,,,,,,,,,,,,,,,,,,,,,,,,,b'u',22.418,0.293,b'AB',b'2014A&A...563A..54P',,,b'D',b'u',b'g',21.528,0.049,b'AB',b'2014A&A...563A..54P',,,b'C',b'g',b'r',21.577,0.075,b'AB',b'2014A&A...563A..54P',,,b'C',b'r',b'i',21.468,0.098,b'AB',b'2014A&A...563A..54P',,,b'C',b'i',b'z',20.731,0.177,b'AB',b'2014A&A...563A..54P',,,b'D',b'z',,,,,,,,,,,,,,,,,,,,,,,,,,,,,,,,,,,,,,,,,,,,,,,,,,,,,,,,,,,,,,,,,,,,,,,,,,,,,,,b'@10408375',32.3528866,-5.7204662,-99.0,135,10,b'VIPERS 103195359',15.698859777770275,0.6592,2.37,4,diamond,Lya,<a href='http://simbad.u-strasbg.fr/simbad/sim-id?Ident=VIPERS 103195359'>·</a>,<a href='http://simbad.u-strasbg.fr/simbad/sim-coo?Coord=32.3528866d-5.7204662d&CooFrame=FK5&CooEpoch=2000&CooEqui=2000&CooDefinedFrames=none&Radius=2&Radius.unit=arcmin'>·</a>,113,16384.0,1215.67,-5.79,100000.0,orange,0.002777777777777778,0.003,0.011111111111111112,0.004861111111111111,117.0,126.36,468.0,204.75,5.585218195742949,1.2468691195491275,-1.35
59570,b'103181519',22.1588,0.0287,b'W1P204',1,4.5,1.8194,2,1,0.6267752,0.959596,1,b'VIPERS 103181519',b'103181519',1852574,32.4020622,-5.7781286,22.1588,0.0287,24.3761,23.7002,22.9309,22.1588,21.8907,0.0903,0.0428,0.053,0.0287,0.0578,24.359,23.743,22.954,22.236,-99.0,22.019,0.071,0.031,0.029,0.025,-99.0,0.043,-99.99,21.026,-99.0,-99.99,0.044,-99.0,0.206,0.0,-0.056,-0.003,0.02142,3.04,2.91,1,1,1,0.0,0.002114557400496372,,,b'SDSS J020936.79-054647.4',0,0.02884837662676811,-577.4839795322498,3057.2739266394033,4816.877739309028,32.40331,-5.779836,,,,,,,,,,250276.0,,,,,,,,,,,,,,,,,,,,,,,,,,,,,,,,,,,,,,,,,,,,,,,,,,,,,,,,,,,,,,,,,,,,,,,,,,,,,,,,b'u',22.598,0.359,b'Vega',b'2014A&A...563A..54P',,,b'D',b'u',b'g',21.536,0.068,b'Vega',b'2014A&A...563A..54P',,,b'C',b'g',b'r',21.572,0.214,b'Vega',b'2014A&A...563A..54P',,,b'D',b'r',b'i',21.65,0.757,b'Vega',b'2014A&A...563A..54P',,,b'D',b'i',b'z',21.85,1.988,b'Vega',b'2014A&A...563A..54P',,,b'D',b'z',,,,,,,,,,,,,,,,,,,,,,,,,,,,,,,,,,,,,,,,,,,,,,,,,,,,,,,,,,,,,,,,,,,,,,,,,,,,,,,b'@10266875',32.4020622,-5.7781286,24.639,117,6,b'VIPERS 103181519',7.599695945351571,0.6566,2.333,4,diamond,Lya,<a href='http://simbad.u-strasbg.fr/simbad/sim-id?Ident=VIPERS 103181519'>·</a>,<a href='http://simbad.u-strasbg.fr/simbad/sim-coo?Coord=32.4020622d-5.7781286d&CooFrame=FK5&CooEpoch=2000&CooEqui=2000&CooDefinedFrames=none&Radius=2&Radius.unit=arcmin'>·</a>,54,19.018322,1215.67,-5.85,100000.0,orange,0.0022222222222222222,-0.001,0.004861111111111111,0.004861111111111111,93.6,-42.12,204.75,204.75,7.648128638095077,-1.1888891225757068,-3.98
59619,b'103163381',21.9775,0.0212,b'W1P205',3,3.5,1.2602,2,1,0.4254239,0.84,1,b'VIPERS 103163381',b'103163381',1835087,32.4832373,-5.8575442,21.9775,0.0212,25.7647,24.6612,23.2397,21.9775,21.4853,0.3406,0.0968,0.0972,0.0212,0.0363,25.465,24.774,23.262,21.945,-99.0,21.544,0.237,0.086,0.051,0.018,-99.0,0.028,-99.99,19.761,-99.0,-99.99,0.014,-99.0,-99.0,0.0,-0.056,-0.003,0.0213,3.2,3.26,1,1,1,0.0,0.007823693565059232,,,b'SDSS J020959.47-055125.7',0,0.04151289103399461,-607.871151958034,3183.631376141122,4997.722177499062,32.497808,-5.857136,,,,,,,,,,254933.0,,,,,,,,,,,,,,,,,,,,,,,,,,,,,,,,,,,,,,,,,,,,,,,,,,,,,,,,,,,,,,,,,,,,,,,,,,,,,,,,b'u',22.344,0.264,b'AB',b'2014A&A...563A..54P',,,b'D',b'u',b'g',20.903,0.047,b'AB',b'2014A&A...563A..54P',,,b'C',b'g',b'r',20.605,0.047,b'AB',b'2014A&A...563A..54P',,,b'C',b'r',b'i',20.74,0.064,b'AB',b'2014A&A...563A..54P',,,b'C',b'i',b'z',20.133,0.113,b'AB',b'2014A&A...563A..54P',,,b'D',b'z',,,,,,,,,,,,,,,,,,,,,,,,,,,,,,,,,,,,,,,,,,,,,,,,,,,,,,,,,,,,,,,,,,,,,,,,,,,,,,,b'@10408420',32.4832373,-5.8575442,-99.0,108,6,b'VIPERS 103163381',52.20134727137788,0.7647,2.5165,4,diamond,Lya,<a href='http://simbad.u-strasbg.fr/simbad/sim-id?Ident=VIPERS 103163381'>·</a>,<a href='http://simbad.u-strasbg.fr/simbad/sim-coo?Coord=32.4832373d-5.8575442d&CooFrame=FK5&CooEpoch=2000&CooEqui=2000&CooDefinedFrames=none&Radius=2&Radius.unit=arcmin'>·</a>,377,16384.0,1215.67,-5.72,100000.0,orange,0.0018055555555555555,0.0,0.015277777777777777,0.004861111111111111,76.05,0.0,643.5,204.75,11.042658030348617,-4.5376530687569,0.63
59971,b'102176019',20.9147,0.0104,b'W1P203',2,3.5,2.1419,2,1,0.6525922,0.9292929,1,b'VIPERS 102176019',b'102176019',1213321,32.000532,-5.6935508,20.9147,0.0104,23.0352,22.3788,21.6091,20.9147,20.5786,0.04,0.0196,0.0186,0.0104,0.0233,23.02,22.466,21.656,20.977,-99.0,20.761,0.035,0.017,0.012,0.009,-99.0,0.019,-99.99,19.634,-99.0,-99.99,0.021,-99.0,0.096,-0.04,-0.036,0.0316,0.02341,4.48,4.46,1,1,1,0.0,0.00493575860430775,,,b'SDSS J020804.17-054116.5',0,0.028440824530946276,-578.7492658582269,3080.6998230245,4926.8197162045735,32.017403,-5.687933,,,,,,,,,,252517.0,,,,,,,,,,,,,,,,,,,,,,,,,,,,,,,,,,,,,,,,,,,,,,,,,,,,,,,,,,,,,,,,,,,,,,,,,,,,,,,,b'u',20.534,0.097,b'AB',b'2014A&A...563A..54P',,,b'C',b'u',b'g',19.855,0.039,b'AB',b'2014A&A...563A..54P',,,b'C',b'g',b'r',19.767,0.025,b'AB',b'2014A&A...563A..54P',,,b'C',b'r',b'i',19.664,0.028,b'AB',b'2014A&A...563A..54P',,,b'C',b'i',b'z',19.389,0.058,b'AB',b'2014A&A...563A..54P',,,b'C',b'z',,,,,,,,,,,,,,,,,,,,,,,,,,,,,,,,,,,,,,,,,,,,,,,,,,,,,,,,,,,,,,,,,,,,,,,,,,,,,,,b'@10408242',32.000532,-5.6935508,23.635,54,6,b'VIPERS 102176019',63.73034019382943,0.6414,2.418,4,circle,Lya,<a href='http://simbad.u-strasbg.fr/simbad/sim-id?Ident=VIPERS 102176019'>·</a>,<a href='http://simbad.u-strasbg.fr/simbad/sim-coo?Coord=32.0005320d-5.6935508d&CooFrame=FK5&CooEpoch=2000&CooEqui=2000&CooDefinedFrames=none&Radius=2&Radius.unit=arcmin'>·</a>,460,28.783222,1215.67,-5.8,100000.0,black,0.0018055555555555555,0.0,0.004861111111111111,0.004861111111111111,76.05,0.0,204.75,204.75,-9.216535929481207,2.380567907722151,-1.53
59975,b'102178144',20.9536,0.0091,b'W1P203',2,3.4,1.6411,2,1,0.5039495,0.959596,1,b'VIPERS 102178144',b'102178144',1215066,32.0228903,-5.6830786,20.9536,0.0091,24.3658,23.2844,21.9407,20.9536,20.493,0.1042,0.0372,0.0213,0.0091,0.0179,24.412,23.334,21.989,21.037,-99.0,20.701,0.102,0.033,0.018,0.009,-99.0,0.017,-99.99,19.418,-99.0,-99.99,0.016,-99.0,0.228,-0.04,-0.036,0.0316,0.02315,3.36,3.29,1,1,1,0.0,0.00493575860430775,,,b'SDSS J020804.17-054116.5',0,0.028440824530946276,-578.7492658582269,3080.6998230245,4926.8197162045735,32.017403,-5.687933,,,,,,,,,,252517.0,,,,,,,,,,,,,,,,,,,,,,,,,,,,,,,,,,,,,,,,,,,,,,,,,,,,,,,,,,,,,,,,,,,,,,,,,,,,,,,,b'u',20.534,0.097,b'AB',b'2014A&A...563A..54P',,,b'C',b'u',b'g',19.855,0.039,b'AB',b'2014A&A...563A..54P',,,b'C',b'g',b'r',19.767,0.025,b'AB',b'2014A&A...563A..54P',,,b'C',b'r',b'i',19.664,0.028,b'AB',b'2014A&A...563A..54P',,,b'C',b'i',b'z',19.389,0.058,b'AB',b'2014A&A...563A..54P',,,b'C',b'z',,,,,,,,,,,,,,,,,,,,,,,,,,,,,,,,,,,,,,,,,,,,,,,,,,,,,,,,,,,,,,,,,,,,,,,,,,,,,,,b'@10408242',32.0228903,-5.6830786,24.849,54,6,b'VIPERS 102178144',26.30221747689921,0.6425,2.418,4,diamond,Lya,<a href='http://simbad.u-strasbg.fr/simbad/sim-id?Ident=VIPERS 102178144'>·</a>,<a href='http://simbad.u-strasbg.fr/simbad/sim-coo?Coord=32.0228903d-5.6830786d&CooFrame=FK5&CooEpoch=2000&CooEqui=2000&CooDefinedFrames=none&Radius=2&Radius.unit=arcmin'>·</a>,190,17.230793,1215.67,-5.78,100000.0,orange,0.0018055555555555555,0.0,0.004861111111111111,0.004861111111111111,76.05,0.0,204.75,204.75,-8.279532138919846,2.8234756131008654,-1.01
60370,,,,,,,,,,,,,,,,,,,,,,,,,,,,,,,,,,,,,,,,,,,,,,,,,,,,,,,,,,,,,,b'GALEX 2674093677029101984',0,,,,,32.040139,-5.644209,,,0,0.0,0.0,,,0,,137589.0,,,0,0,,,0,,,,,,,,,,b'B',18.5,0.35,b'Vega',b'1998USNO2.C......0M',,,b'D',b'B',,,,,,,,,,,,,,,,,,,,,,,,,,,,,,,,,,,,,,,,,,,,,,,,,,,,,,,,,,,,,,,,b'g',18.959,0.037,b'AB',b'2014A&A...563A..54P',,,b'C',b'g',,,,,,,,,,,,,,,,,,,b'z',18.935,0.042,b'AB',b'2014A&A...563A..54P',,,b'C',b'z',,,,,,,,,,,,,,,,,,,,,,,,,,,,,,,,,,,,,,,,,,,,,,,,,,,,,,,,,,,,,,,,,,,,,,,,,,,,,,,b'@5202977',32.040139,-5.644209,-1.0,,,,,0.6421,0.6421,2,square,Lya,<a href='http://simbad.u-strasbg.fr/simbad/sim-id?Ident='>·</a>,<a href='http://simbad.u-strasbg.fr/simbad/sim-coo?Coord=32.0401390d-5.6442090d&CooFrame=FK5&CooEpoch=2000&CooEqui=2000&CooDefinedFrames=none&Radius=2&Radius.unit=arcmin'>·</a>,-9223372036854775808,900.0,1215.67,-5.75,10.0,blue,0.0018055555555555555,0.0,0.004861111111111111,0.008333333333333333,76.05,0.0,204.75,351.0,-7.555459851545311,4.464452298570341,0.6
60378,,,,,,,,,,,,,,,,,,,,,,,,,,,,,,,,,,,,,,,,,,,,,,,,,,,,,,,,,,,,,,b'SDSS J020949.08-054824.5',0,,,,,32.454515,-5.806811,,,0,,,,,0,,150666.0,,,0,0,,,0,,,,,,,,,,,,,,,,,,,,,,,,,,,,,,,,,,,,,,,,,,,,,,,,,,,,,,,,,,,,,,,,,,,,,,,,,,,,,,,,,,b'g',19.112,0.014,b'AB',b'2014A&A...563A..54P',,,b'C',b'g',,,,,,,,,,,,,,,,,,,b'z',18.731,0.035,b'AB',b'2014A&A...563A..54P',,,b'C',b'z',,,,,,,,,,,,,,,,,,,,,,,,,,,,,,,,,,,,,,,,,,,,,,,,,,,,,,,,,,,,,,,,,,,,,,,,,,,,,,,b'@10408402',32.454515,-5.806811,-1.0,,,,,0.738,0.738,2,square,Lya,<a href='http://simbad.u-strasbg.fr/simbad/sim-id?Ident='>·</a>,<a href='http://simbad.u-strasbg.fr/simbad/sim-coo?Coord=32.4545150d-5.8068110d&CooFrame=FK5&CooEpoch=2000&CooEqui=2000&CooDefinedFrames=none&Radius=2&Radius.unit=arcmin'>·</a>,-9223372036854775808,900.0,1215.67,-5.72,10.0,blue,0.0018055555555555555,0.0,0.004861111111111111,0.008333333333333333,76.05,0.0,204.75,351.0,9.844659623115907,-2.3991833288308584,0.8
60583,,,,,,,,,,,,,,,,,,,,,11.84807,11.40884,,,,,,,,,,,,,,,,,,,,,,,,,,,,,,,,,,,,,,,,,,,,,,32.28752152,-5.695231017,,,,,,,,,,,,,,,,,,,,,,,,,,,,,,,,,,,,,,,,,,,,,,,,,,,,,,,,,,,,,,,,,,,,,,,,,,,,,,,,,,,,,,,,,,,,,,,,,,,,,,,,,,,,,,,,,,,,,,,,,,,,,,,,,,,,,,,,,,,,,,,,,,,,,,,,,,,,,,,,,,,,,,,,,,,,,,,,,,,,,,,,,,,,,,,,,,,,,,,,,,,,,,,,,,,,,,32.28752152,-5.695231017,-1.0,,,,,-99.0,,5,diamond-x,Bright Star,<a href='http://simbad.u-strasbg.fr/simbad/sim-id?Ident='>·</a>,<a href='http://simbad.u-strasbg.fr/simbad/sim-coo?Coord=32.2875215d-5.6952310d&CooFrame=FK5&CooEpoch=2000&CooEqui=2000&CooDefinedFrames=none&Radius=2&Radius.unit=arcmin'>·</a>,-9223372036854775808,900.0,1215.67,-200.3,100.0,green,0.005555555555555556,0.0,0.005555555555555556,0.005555555555555556,234.0,0.0,234.0,234.0,2.8388868222131523,2.3139724546270233,-7336.78
60773,,,,,,,,,,,,,,,,,,,,,11.88412,11.28118,,,,,,,,,,,,,,,,,,,,,,,,,,,,,,,,,,,,,,,,,,,,,,32.06502777,-5.603094653,,,,,,,,,,,,,,,,,,,,,,,,,,,,,,,,,,,,,,,,,,,,,,,,,,,,,,,,,,,,,,,,,,,,,,,,,,,,,,,,,,,,,,,,,,,,,,,,,,,,,,,,,,,,,,,,,,,,,,,,,,,,,,,,,,,,,,,,,,,,,,,,,,,,,,,,,,,,,,,,,,,,,,,,,,,,,,,,,,,,,,,,,,,,,,,,,,,,,,,,,,,,,,,,,,,,,,32.06502777,-5.603094653,-1.0,,,,,-99.0,,5,diamond-x,Bright Star,<a href='http://simbad.u-strasbg.fr/simbad/sim-id?Ident='>·</a>,<a href='http://simbad.u-strasbg.fr/simbad/sim-coo?Coord=32.0650278d-5.6030947d&CooFrame=FK5&CooEpoch=2000&CooEqui=2000&CooDefinedFrames=none&Radius=2&Radius.unit=arcmin'>·</a>,-9223372036854775808,900.0,1215.67,-200.21,100.0,green,0.0011111111111111111,0.0,0.005555555555555556,0.005555555555555556,46.8,0.0,234.0,234.0,-6.510037761998716,6.199911292753407,-7332.9
60774,,,,,,,,,,,,,,,,,,,,,12.44367,11.8367,,,,,,,,,,,,,,,,,,,,,,,,,,,,,,,,,,,,,,,,,,,,,,32.08343397,-5.69184427,,,,,,,,,,,,,,,,,,,,,,,,,,,,,,,,,,,,,,,,,,,,,,,,,,,,,,,,,,,,,,,,,,,,,,,,,,,,,,,,,,,,,,,,,,,,,,,,,,,,,,,,,,,,,,,,,,,,,,,,,,,,,,,,,,,,,,,,,,,,,,,,,,,,,,,,,,,,,,,,,,,,,,,,,,,,,,,,,,,,,,,,,,,,,,,,,,,,,,,,,,,,,,,,,,,,,,32.08343397,-5.69184427,-1.0,,,,,-99.0,,5,diamond-x,Bright Star,<a href='http://simbad.u-strasbg.fr/simbad/sim-id?Ident='>·</a>,<a href='http://simbad.u-strasbg.fr/simbad/sim-coo?Coord=32.0834340d-5.6918443d&CooFrame=FK5&CooEpoch=2000&CooEqui=2000&CooDefinedFrames=none&Radius=2&Radius.unit=arcmin'>·</a>,-9223372036854775808,900.0,1215.67,-200.3,100.0,green,0.0011111111111111111,0.0,0.005555555555555556,0.005555555555555556,46.8,0.0,234.0,234.0,-5.739608179302061,2.455600549479822,-7336.64
